prov_id,Facility,Population Served,Phone Number,Street Address,Ext.,City,County,ZIP Code,Contact Email,full_add,lon,lat
GAAC00297,WRMC PHARMACY,Private,+1 (770) 267-8461,2151 WEST SPRING STREET,NA,MONROE,Walton,30655,RICHIE.SINCLAIR@PIEDMONT.ORG,"2151 WEST SPRING STREET, MONROE, GA 30655",-83.7502902,33.7989051
GAAC00897,FKC WALTON,Private,+1 (770) 266-7399,299 PLAZA DRIVE,NA,MONROE,Walton,30655,CHERYL.SMITH1@FMC-NA.COM,"299 PLAZA DRIVE, MONROE, GA 30655",-83.7285056,33.7968975
GAAC01615,TWIN LAKES RECOERY CENTER,Private,+1 (770) 266-3726,398 HIGHWAY 11 SW,NA,MONROE,Walton,30655,DMANNS@TLRCENTER.COM,"398 HIGHWAY 11 SW, MONROE, GA 30655",-83.7018195,33.7239742
GAA501123,LOGANVILLE FAMILY MEDICINE,Private,+1 (770) 466-8672,4589 LAWRENCEVILLE RD,NA,LOGANVILLE,Walton,30052,LOGFMED@GMAIL.COM,"4589 LAWRENCEVILLE RD, LOGANVILLE, GA 30052",-83.8910717,33.8357276
GAA501123,LOGANVILLE FAMILY MEDICINE,Private,+1 (770) 466-8672,4593 LAWRENCEVILLE ROAD,NA,LOGANVILLE,Walton,30052,LOGFMED@GMAIL.COM,"4593 LAWRENCEVILLE ROAD, LOGANVILLE, GA 30052",-83.8910638,33.835728
GAAC01487,WALTON FAMILY MEDICINE,Private,+1 (770) 267-7093,521 GREAT OAKS DR,NA,MONROE,Walton,30655,ACOOPER@WALTONFAMILYMEDICINE.COM,"521 GREAT OAKS DR, MONROE, GA 30655",-83.7431134,33.7893815
GAAC01497,WALTON COUNTY EMERGENCY MANAGEMENT AGENC,Private,+1 (770) 267-1483,725 S MADISON AVE.,NA,MONROE,Walton,30655,CARL.MORROW@CO.WALTON.GA.US,"725 S MADISON AVE., MONROE, GA 30655",-83.7036761,33.7854049
GAA600635,DAVID A FIELDS MD FAMILY CARE,Private,+1 (770) 554-0399,96 TARA COMMONS DRIVE,NA,LOGANVILLE,Walton,30052,MWATERS@FIELDSFAMILYCARE.COM,"96 TARA COMMONS DRIVE, LOGANVILLE, GA 30052",-83.8765835,33.8197588
GAAC01951,CHRIST THE KING MEDICAL CENTER,Private,+1 (770) 554-8015,3531-3533 HIGHWAY 81 SOUTH,NA,LOGANVILLE,Walton,30052-4336,MAIL@CTKMEDCENTER.COM,"3531-3533 HIGHWAY 81 SOUTH, LOGANVILLE, GA 30052-4336",-83.876147,33.8212793
GAAC00556,FRESENIUS KIDNEY CARE LOGANVILLE DIALYSI,Private,+1 (678) 639-1633,3431 HWY 81 S,NA,LOGANVILLE,Walton,30052,TERRI.HATTON@FMC-NA.COM,"3431 HWY 81 S, LOGANVILLE, GA 30052",-83.8756941,33.8177764
GAAC00292,TMB MEDICAL ASSOCIATES PC,Private,+1 (706) 548-9655,1181 LANGFORD DR,BLDG 200  STE 105,WATKINSVILLE,Oconee,30677,TMBOND@BELLSOUTH.NET,"1181 LANGFORD DR, WATKINSVILLE, GA 30677",-83.4698565,33.9147381
GAAC00358,OCONEE PRIMARY CARE,Private,+1 (706) 310-1030,1624 MARS HILL ROAD,SUITE B,WATKINSVILLE,Oconee,30677,ASTEWART@OCONEEPRIMARYCAREATHENS.COM,"1624 MARS HILL ROAD, WATKINSVILLE, GA 30677",-83.4544764,33.8859334
GAA500155,MADISON FAMILY MEDICINE,Private,+1 (706) 342-1555-105,2002 SOUTH MAIN STREET,NA,MADISON,Morgan,30650-4621,TALLPAMELAHALL@GMAIL.COM,"2002 SOUTH MAIN STREET, MADISON, GA 30650-4621",-83.4798162,33.5836737
GAAC00259,ADAMS PRIMARY CARE PC,Private,+1 (706) 795-9588,25 NOMORA DRIVE,NA,DANIELSVILLE,Madison,30633,ADAMSPRIMARYCARE@WINDSTREAM.NET,"25 NOMORA DRIVE, DANIELSVILLE, GA 30633",-83.2212399,34.1236027
GAA501001,NORTHEAST GEORGIA PHYSICIANS GROUP JEFFE,Private,+1 (770) 848-5400,1689 OLD PENDERGRASS RD SUITE 340,NA,JEFFERSON,Jackson,30549,HALEY.BENTLEY@NGHS.COM,"1689 OLD PENDERGRASS RD SUITE 340, JEFFERSON, GA 30549",-83.6037908,34.1230199
GAA601291,NGPG WEST JACKSON,Private,+1 (706) 658-2452,26 W JACKSON COMMONS DR,NA,HOSCHTON,Jackson,30548,ASHTON.SHULER@NGHS.COM,"26 W JACKSON COMMONS DR, HOSCHTON, GA 30548",-83.7060892,34.1082852
GAAC01822,JACKSON COUNTY EMS,Private,+1 (706) 367-6356,86 GORDON STREET,NA,JEFFERSON,Jackson,30549,JBAKER@JACKSONCOUNTYGOV.COM,"86 GORDON STREET, JEFFERSON, GA 30549",-83.5733601,34.1162265
GAAC01617,WAYNE FARMS OCCUPATIONAL HEALTH,Private,+1 (706) 693-3547,977 WAYNE POULTRY ROAD,NA,PENDERGRASS,Jackson,30567,RON.BURGESS@WAYNEFARMS.COM,"977 WAYNE POULTRY ROAD, PENDERGRASS, GA 30567",-83.6738619,34.177887
GAAC00174,MIDDLE GEORGIA MEDICAL ASSOCIATES,Private,+1 (706) 999-0243-26616,1110 COMMERCE DR,SUITE 108,GREENSBORO,Greene,30642,MICHELLE.CHAMPAGNE001@STMARYSATHENS.ORG,"1110 COMMERCE DR, GREENSBORO, GA 30642",-83.2413164,33.4565383
GAAC01919,EVAN FLIEGEL MD PC,Private,+1 (706) 546-5340,1000 HAWTHORNE AVE BLDG P,NA,ATHENS,Clarke,30606,EVANFLIEGEL@YAHOO.COM,"1000 HAWTHORNE AVE BLDG P, ATHENS, GA 30606",-83.4127957,33.9697175
GAAC00848,ENT OF ATHENS,Private,+1 (706) 546-7908-246,150 NACOOCHEE AVENUE,NA,ATHENS,Clarke,30601,PRACTICEMANAGER@ENTOFATHENS.COM,"150 NACOOCHEE AVENUE, ATHENS, GA 30601",-83.3951718,33.9638009
GAAC00180,ATHENS GERIATRICS & INTERNAL MEDICINE PC,Private,+1 (706) 549-8931,1500 OGLETHORPE AVE,NA,ATHENS,Clarke,30606,ATHENS.GERIATRICS@GMAIL.COM,"1500 OGLETHORPE AVE, ATHENS, GA 30606",-83.4263916,33.9631996
GAAC01902,UNIVERSITY DERMATOLOGY AND SKIN CANCER C,Private,+1 (706) 614-1750,1500 OGLETHORPE AVENUE STE 300A,NA,ATHENS,Clarke,30606,PRACTICEADMINISTRATOR@UDSCC.COM,"1500 OGLETHORPE AVENUE STE 300A, ATHENS, GA 30606",-83.4259987,33.9635864
GAAC01862,PREMISE HEALTH-BOEHRINGER INGELHEIM ATHE,Private,+1 (706) 552-2776,1630 OLYMPIC DRIVE,NA,ATHENS,Clarke,30601,OLIVE.GREEN@PREMISEHEALTH.COM,"1630 OLYMPIC DRIVE, ATHENS, GA 30601",-83.3316772,33.9868979
GAAC00168,PRUITTHEALTH GRANDVIEW,Private,+1 (706) 549-6013,165 WINSTON DRIVE,NA,ATHENS,Clarke,30607,SARCAIN@PRUITTHEALTH.COM,"165 WINSTON DRIVE, ATHENS, GA 30607",-83.3947598,33.9752738
GAAC00426,SURGERY CENTER OF ATHENS,Private,+1 (706) 583-5080-203,2142 WEST BROAD STREET,BUILDING 100  SUITE 100,ATHENS,Clarke,30606,KMIXON@SURGERYCENTEROFATHENS.COM,"2142 WEST BROAD STREET, ATHENS, GA 30606",-83.4064471,33.9510483
GAAC01345,MERCY HEALTH CENTER,Private,+1 (706) 425-9445-210,700 OGLETHORPE AVENUE,SUITE C7,ATHENS,Clarke,30606,MAUREE@MERCYHEALTHCENTER.NET,"700 OGLETHORPE AVENUE, ATHENS, GA 30606",-83.4124851,33.9630375
GAAC00417,CLARKE OCONEE FAMILY PRACTICE,Private,+1 (706) 353-7747,700 SUNSET DRIVE,SUITE 400A,ATHENS,Clarke,30606,NURSING2@CLARKEOCONEEFP.COM,"700 SUNSET DRIVE, ATHENS, GA 30606",-83.4106497,33.9648471
GAA601288,BOULEVARD FAMILY PRACTICE,Private,+1 (706) 850-6134,855 W BROAD ST,STE A,ATHENS,Clarke,30601,HUBBARD.ALTHEA@GMAIL.COM,"855 W BROAD ST, ATHENS, GA 30601",-83.3864109,33.9551234
GAAC00132,UNIVERSITY HEALTH CENTER,Private,+1 (706) 542-8715,55 CARLTON STREET,NA,ATHENS,Clarke,30602,JSWAILS@UHS.UGA.EDU,"55 CARLTON STREET, ATHENS, GA 30602",-83.3714103,33.937632
GAAC00643,WOMEN'S HEALTHCARE ASSOCIATES,Private,+1 (706) 369-0019-7087,355 HAWTHORNE LANE,NA,ATHENS,Clarke,30606,CLOCKE@AWHG.ORG,"355 HAWTHORNE LANE, ATHENS, GA 30606",-83.4163643,33.968665
GAAC00407,LANDMARK HOSPITAL OF ATHENS,Private,+1 (706) 425-1500-1519,775 SUNSET DRIVE,NA,ATHENS,Clarke,30606,KPARR@LANDMARKHOSPITALS.COM,"775 SUNSET DRIVE, ATHENS, GA 30606",-83.4115674,33.9663705
GAAC01625,ATHENS RENAL CENTER,Private,+1 (706) 549-2133,2047 PRINCE AVE,NA,ATHENS,Clarke,30606,CPOWELL@AMERICANRENAL.COM,"2047 PRINCE AVE, ATHENS, GA 30606",-83.4099406,33.9691017
GAA210112,CLARKE COUNTY SPECIALTY CARE,Private,+1 (706) 425-2970,700 SUNSET DR.,SUITE 501,ATHENS,Clarke,30606,KATHERINE.ENGLISH@DPH.GA.GOV,"700 SUNSET DR., ATHENS, GA 30606",-83.4106497,33.9648471
GAAC01368,ATHENS EAST DIALYSIS,Private,+1 (706) 549-3082,2026 S MILLEDGE AVE,STE A2,ATHENS,Clarke,30605-6480,SHEILA.L.MARTIN@DAVITA.COM,"2026 S MILLEDGE AVE, ATHENS, GA 30605-6480",-83.380191,33.9240949
GAAC00161,WINDER HEALTH CARE AND REHAB,Private,+1 (770) 867-2108,263 E MAY STREET,NA,WINDER,Barrow,30680,KCALLAWAY@WINDERHEALTHCARE.COM,"263 E MAY STREET, WINDER, GA 30680",-83.7109052,33.9799004
GAA601287,NGPG FAMILY HEALTY ASSOCIATES WINDER,Private,+1 (770) 848-9300,63 W CANDLER ST,NA,WINDER,Barrow,30680,JUDY.CAIN@NGHS.COM,"63 W CANDLER ST, WINDER, GA 30680",-83.7219475,33.9945148
GAAC00554,STMADMIN,"Private, but wants to be public as vaccines become available",+1 (706) 389-3784,1230 BAXTER STREET,NA,ATHENS,Clarke,30606,JDICKERSON@STMARYSSACREDHEART.ORG,"1230 BAXTER STREET, ATHENS, GA 30606",-83.4058492,33.9472661
GAAC00283,WELLNESS FIRST PC,"Private, but will transition to public as vaccines become available",+1 (706) 335-2777-3,641 HOSPITAL ROADSTE 4,NA,COMMERCE,Jackson,30529,LISA@WELLFIRST.ORG,"641 HOSPITAL ROADSTE 4, COMMERCE, GA 30529",-83.4693508,34.2170192
GAAC00030,PIEDMONT ATHENS REGIONAL MEDICAL CENTER,"Private, but would be interested in partnering to do more",+1 (706) 475-3518,1199 PRINCE AVENUE,NA,ATHENS,Clarke,30606,PHIL.CARPENTER2@PIEDMONT.ORG,"1199 PRINCE AVENUE, ATHENS, GA 30606",-83.3979673,33.9613926
GAA500941,OUR FAMILY HEALTH CENTER,Private/will become public when vaccine supply rises,+1 (770) 464-0280,551 NORTH CHEROKEE ROAD,NA,SOCIAL CIRCLE,Walton,30025-2887,mae.huffman@ourfamilyhealthcenter.com,"551 NORTH CHEROKEE ROAD, SOCIAL CIRCLE, GA 30025-2887",-83.7142472,33.663384
GAA210110,WALTON COUNTY HEALTH DEPT,Public,+1 (770) 207-4125-3228,1404 SOUTH MADISON AVENUE,NA,MONROE,Walton,30655-2816,REBECCA.MOORE@DPH.GA.GOV,"1404 SOUTH MADISON AVENUE, MONROE, GA 30655-2816",-83.7006914,33.7717514
GAAC00993,WALMART STORE 780,Public,+1 (770) 267-4175,2050 W SPRING ST,NA,MONROE,Walton,30655-3164,RX-MANAGER.S00780@STORES.US.WAL-MART.COM,"2050 W SPRING ST, MONROE, GA 30655-3164",-83.7428229,33.798102
GAAC01401,WALGREENS #11539,Public,+1 (770) 266-6061,319 S BROAD ST,NA,MONROE,Walton,30655,RXM.11539@STORE.WALGREENS.COM,"319 S BROAD ST, MONROE, GA 30655",-83.7119451,33.7908221
GAAC01235,PUBLIX PHARMACY#0603,Public,+1 (770) 466-5156,4325 ATLANTA HWY,NA,LOGANVILLE,Walton,30052,JERICA.SINGLETON@PUBLIX.COM,"4325 ATLANTA HWY, LOGANVILLE, GA 30052",-83.9080828,33.8392188
GAA210116,LOGANVILLE COUNTY HEALTH DEPARTMENT,Public,+1 (770) 466-1789-3237,4385 PECAN STREET,NA,LOGANVILLE,Walton,30052,SHERI.TRAYLOR@DPH.GA.GOV,"4385 PECAN STREET, LOGANVILLE, GA 30052",-83.9016048,33.8399825
GAAC01397,WALGREENS #9629,Public,+1 (678) 639-0213,4398 ATLANTA HWY,NA,LOGANVILLE,Walton,30052-7314,RXM.09629@STORE.WALGREENS.COM,"4398 ATLANTA HWY, LOGANVILLE, GA 30052-7314",-83.9010886,33.8382216
GAAC00742,KROGER PHARMACY 679,Public,+1 (678) 639-4500,4753 ATLANTA HWY,NA,LOGANVILLE,Walton,30052,AT00679PHARMACY@STORES.KROGER.COM,"4753 ATLANTA HWY, LOGANVILLE, GA 30052",-83.8842412,33.8310879
GAA500787,OFFICE OF DR. SRIDEVI SIRUVELLA MD,Public,+1 (770) 266-0567,512 GREAT OAKS DR,NA,MONROE,Walton,30655,SIRUVELLA@GMAIL.COM,"512 GREAT OAKS DR, MONROE, GA 30655",-83.7431341,33.7904039
GAA501218,MEDLINK MONROE HEALTHCARE FOR WOMEN,Public,+1 (770) 266-0935,704 BREEDLOVE DR. SUITE B,NA,MONROE,Walton,30655,LPOLITANO@MEDLINKGA.ORG,"704 BREEDLOVE DR. SUITE B, MONROE, GA 30655",-83.720474,33.7826908
GAAC01622,CARMICHAEL DRUGS,Public,+1 (770) 267-2559,150 MARTIN LUTHER KING BLVD,NA,MONROE,Walton,30655,CHRISTINAHANSON@CARMICHAELDRUGS.COM,"150 MARTIN LUTHER KING BLVD, MONROE, GA 30655",-83.7452295,33.7943128
GAA703020,MEDLINK OF GEORGIA - OGLETHORPE,Public,+1 (706) 743-8171,247 UNION POINT STREET,NA,LEXINGTON,Oglethorpe,30648,LPOLITANO@MEDLINKGA.ORG,"247 UNION POINT STREET, LEXINGTON, GA 30648",-83.1192419,33.8698852
GAA210109,OGLETHORPE COUNTY HEALTH DEPT,Public,+1 (706) 743-7204,305 UNION POINT ROAD,NA,LEXINGTON,Oglethorpe,30648-2304,DIXIE.TODD@DPH.GA.GOV,"305 UNION POINT ROAD, LEXINGTON, GA 30648-2304",-83.1199542,33.8696213
GAAC01678,SKRIP SHOPPE PHARMACY,Public,+1 (706) 743-5477,778 ATHENS ROAD,NA,LEXINGTON,Oglethorpe,30648,LBRIDGES@SKRIPSHOPPE.NET,"778 ATHENS ROAD, LEXINGTON, GA 30648",-83.1260024,33.8862153
GAA210108,OCONEE COUNTY HEALTH DEPT,Public,+1 (706) 769-3983-6117,1060 EXPERIMENT STATION ROAD,NA,WATKINSVILLE,Oconee,30677-5323,KELSEY.CLAY@DPH.GA.GOV,"1060 EXPERIMENT STATION ROAD, WATKINSVILLE, GA 30677-5323",-83.4126937,33.8664332
GAAC01855,FARMER'S OCONEE PHARMACY,Public,+1 (706) 769-3215,1160 CAPITAL AVE,SUITE 101,WATKINSVILLE,Oconee,30677,RXDAWG@MINDSPRING.COM,"1160 CAPITAL AVE, WATKINSVILLE, GA 30677",-83.4462221,33.869262
GAAC01347,JENNINGS MILL DRUG COMPANY,Public,+1 (706) 621-5996,1360 CADUCEUS WAY,BLDG 400 SUITE 105,WATKINSVILLE,Oconee,30677,JMDCRX@GMAIL.COM,"1360 CADUCEUS WAY, WATKINSVILLE, GA 30677",-83.4680228,33.9165499
GAAC00999,WALMART STORE 1400,Public,+1 (706) 549-0236,1911 EPPS BRIDGE PKWY,NA,ATHENS,Oconee,30606-6130,RX-MANAGER.S01400@STORES.US.WAL-MART.COM,"1911 EPPS BRIDGE PKWY, ATHENS, GA 30606-6130",-83.4450131,33.9198397
GAAC00020,URGENT CARE OF OCONEE,Public,+1 (7063100324),2061 EXPERIEMENT STATION ROAD,SUITE 505,WATKINSVILLE,Oconee,30677,COVIDVACCINE@URGENTCAREOFOCONEE.COM,"2061 EXPERIEMENT STATION ROAD, WATKINSVILLE, GA 30677",-83.4411773,33.8712074
GAAC01138,PUBLIX PHARMACY#0617,Public,+1 (706) 769-2086,2061 EXPERIMENT STATION RD,NA,WATKINSVILLE,Oconee,30677,JERICA.SINGLETON@PUBLIX.COM,"2061 EXPERIMENT STATION RD, WATKINSVILLE, GA 30677",-83.4411773,33.8712074
GAAC00788,ATHENS REDDY MEDICAL GROUP,Public,+1 (706) 621-7575-1203,1061 DOWDY RD.,STE 101,ATHENS,Oconee,30606,SCRAFT@REDDYMEDICALGROUP.COM,"1061 DOWDY RD., ATHENS, GA 30606",-83.4409271,33.917106
GAAC00547,INGLES PHARMACY #444,Public,+1 (706) 342-3119,1441 EATONTON RD,NA,MADISON,Morgan,30650,INGRX444@INGLES-MARKETS.COM,"1441 EATONTON RD, MADISON, GA 30650",-83.4781911,33.5737037
GAAC00956,WALMART STORE 1363,Public,+1 (706) 342-4853,1681 EATONTON RD,NA,MADISON,Morgan,30650-4632,RX-MANAGER.S01363@STORES.US.WAL-MART.COM,"1681 EATONTON RD, MADISON, GA 30650-4632",-83.4798579,33.566127
GAA210107,MORGAN COUNTY HEALTH DEPT,Public,+1 (706) 752-1266-235,2005 SOUTH MAIN STREET,SUITE 200,MADISON,Morgan,30650-2055,LEAH.AINSLIE@DPH.GA.GOV,"2005 SOUTH MAIN STREET, MADISON, GA 30650-2055",-83.4811284,33.5841619
GAAC00138,MORGAN MEMORIAL HOSPITAL,Public,+1 (706) 342-1667-213,1740 LIONS CLUB RD,NA,MADISON,Morgan,30650,Elizabetha@mmh.org,"1740 LIONS CLUB RD, MADISON, GA 30650",-83.4816957,33.5638963
GAA700020,MEDLINK GEORGIA,Public,+1 (706) 788-2127-1307,11 CHARLIE MORRIS RD,NA,COLBERT,Madison,30628-2445,TJOHNSON@MEDLINKGA.ORG,"11 CHARLIE MORRIS RD, COLBERT, GA 30628-2445",-83.2355025,34.0337413
GAA210106,MADISON COUNTY HEALTH DEPT,Public,+1 (706) 795-2131,1424 HIGHWAY 98 WEST,NA,DANIELSVILLE,Madison,30633-0000,ELIZABETH.ALLEN@DPH.GA.GOV,"1424 HIGHWAY 98 WEST, DANIELSVILLE, GA 30633-0000",-83.2364228,34.1440106
GAA712030,MEDLINK HABERSHAM,Public,+1 (706) 754-4348,396 HISTORIC HIGHWAY 441 N,NA,DEMOREST,Madison,30535,LPOLITANO@MEDLINKGA.ORG,"396 HISTORIC HIGHWAY 441 N, DEMOREST, GA 30535",-83.5361059,34.5790888
GAAC01356,THE MEDICINE SHOPPE PHARMACY,Public,+1 (706) 795-0920,7 JOHNSON DRIVE,NA,DANIELSVILLE,Madison,30633,LCR317537@GMAIL.COM,"7 JOHNSON DRIVE, DANIELSVILLE, GA 30633",-83.2214677,34.1233903
GAAC00655,INGLES PHARMACY #450,Public,+1 (706) 613-1734,9161 HWY 29 SOUTH,NA,HULL,Madison,30646,INGRX450@INGLES-MARKETS.COM,"9161 HWY 29 SOUTH, HULL, GA 30646",-83.3158188,34.0284996
GAAC01399,WALGREENS #11791,Public,+1 (706) 336-5931,2100 N BROAD ST,NA,COMMERCE,Jackson,30529-1700,RXM.11791@STORE.WALGREENS.COM,"2100 N BROAD ST, COMMERCE, GA 30529-1700",-83.4624379,34.2067376
GAAC00682,INGLES PHARMACY #419,Public,+1 (706) 335-4650,220 HWY 334,NA,COMMERCE,Jackson,30530,INGRX419@INGLES-MARKETS.COM,"220 HWY 334, COMMERCE, GA 30530",-83.440332,34.1801723
GAAC01323,JEFFERSON DRUGS,Public,+1 (706) 367-5221,23 LEE STREET,NA,JEFFERSON,Jackson,30549,PHARMACY@JEFFDRUG.COM,"23 LEE STREET, JEFFERSON, GA 30549",-83.5735229,34.1170348
GAAC01107,WALMART STORE #3,Public,+1 (706) 336-7818,30983 HIGHWAY 441 S,NA,COMMERCE,Jackson,30529-6655,RX-MANAGER.S00003@STORES.US.WAL-MART.COM,"30983 HIGHWAY 441 S, COMMERCE, GA 30529-6655",-83.4408309,34.1803795
GAA501199,MEDLINK GEORGIA - JACKSON,Public,+1 (706) 608-5124,613 HOSPITAL ROAD,NA,COMMERCE,Jackson,30529,LPOLITANO@MEDLINKGA.ORG,"613 HOSPITAL ROAD, COMMERCE, GA 30529",-83.4694816,34.2167153
GAA210111,JACKSON COUNTY HEALTH DEPT-COMMERCE,Public,+1 (706) 335-3895,623 SOUTH ELM STREET,NA,COMMERCE,Jackson,30529-3208,ELAINE.MCDONALD@DPH.GA.GOV,"623 SOUTH ELM STREET, COMMERCE, GA 30529-3208",-83.4467212,34.1914506
GAAC00870,U-SAVE-IT PHARMACY/COMMERCE DRUGS,Public,+1 (706) 335-3111,1751 N ELM ST,NA,COMMERCE,Jackson,30529,COMMERCE@U-SAVE-IT.COM,"1751 N ELM ST, COMMERCE, GA 30529",-83.4579986,34.2034952
GAAC00377,THE LITTLE CLINIC - KROGER - JEFFERSON,Public,+1 (706) 387-7637,1685 OLD PENDERGRASS ROAD,NA,JEFFERSON,Jackson,30549,ATL00307CLINICMGR@THELITTLECLINIC.COM,"1685 OLD PENDERGRASS ROAD, JEFFERSON, GA 30549",-83.6059059,34.1221231
GAA210105,JACKSON COUNTY HEALTH DEPT,Public,+1 (706) 367-5204,341 STAN EVANS DR,NA,JEFFERSON,Jackson,30549-2905,KAYLA.BENTLEY@DPH.GA.GOV,"341 STAN EVANS DR, JEFFERSON, GA 30549-2905",-83.5635156,34.1411651
GAAC00090,CRAWFORD W. LONG PHARMACY,Public,+1 (706) 367-5285,86 N. PUBLIC SQUARE,NA,JEFFERSON,Jackson,30549,CRAWFORDLONGPHARMACY@WINDSTREAM.NET,"86 N. PUBLIC SQUARE, JEFFERSON, GA 30549",-83.5733652,34.1180744
GAAC00294,COWLES CLINIC-UROLOGY,Public,+1 (706) 454-0100,1000 COWLES CLINIC WAY C-100,CEDAR COTTAGE,GREENSBORO,Greene,30642,ALLISONANDERSON952@GMAIL.COM,"1000 COWLES CLINIC WAY C-100, GREENSBORO, GA 30642",-83.233804,33.4490381
GAA210104,GREENE COUNTY HEALTH DEPT,Public,+1 (706) 453-7561-5228,1031 APALACHEE AVENUE,NA,GREENSBORO,Greene,30642-2710,AMBER.VANDIVER@DPH.GA.GOV,"1031 APALACHEE AVENUE, GREENSBORO, GA 30642-2710",-83.1995204,33.5755572
GAAC01239,PUBLIX PHARMACY#0853,Public,+1 (706) 454-7150,6350 LAKE OCONEE PARKWAY STE. 106,NA,GREENSBORO,Greene,30642,JERICA.SINGLETON@PUBLIX.COM,"6350 LAKE OCONEE PARKWAY STE. 106, GREENSBORO, GA 30642",-83.2446623,33.4556746
GAAC01449,WALGREENS #11166,Public,+1 (706) 283-8228,18 COLLEGE AVE,NA,ELBERTON,Elbert,30635-1740,RXM.11166@STORE.WALGREENS.COM,"18 COLLEGE AVE, ELBERTON, GA 30635-1740",-82.8677219,34.1115497
GAA704020,MEDLINK BOWMAN,Public,+1 (706) 245-7361,206 EAST CHURCH ST,NA,BOWMAN,Elbert,30624,LPOLITANO@MEDLINKGA.ORG,"206 EAST CHURCH ST, BOWMAN, GA 30624",-83.0237328,34.2037714
GAA210103,ELBERT COUNTY HEALTH DEPT,Public,+1 (706) 283-3775-2615,618 JONES STREET,NA,ELBERTON,Elbert,30635-1985,WANDA.GRAHAM@DPH.GA.GOV,"618 JONES STREET, ELBERTON, GA 30635-1985",-82.8828627,34.1107846
GAAC00656,INGLES PHARMACY #65,Public,+1 (706) 283-7095,903 ELBERT ST,NA,ELBERTON,Elbert,30635,INGRX065@INGLES-MARKETS.COM,"903 ELBERT ST, ELBERTON, GA 30635",-82.8450463,34.0969493
GAAC01001,WALMART STORE 1701,Public,+1 (706) 283-8735,955 ELBERT ST,NA,ELBERTON,Elbert,30635-2641,RX-MANAGER.S01701@STORES.US.WAL-MART.COM,"955 ELBERT ST, ELBERTON, GA 30635-2641",-82.8455512,34.0919601
GAAC01314,MADDEN'S PHARMACY,Public,+1 (706) 283-1701,101 COLLEGE AVE,NA,ELBERTON,Elbert,30635,DONALDJPIELAJR@BELLSOUTH.NET,"101 COLLEGE AVE, ELBERTON, GA 30635",-82.8713602,34.1134264
GAA600113,THE MEDICAL CENTER OF ELBERTON,Public,+1 (706) 283-3315,109 COLLEGE AVENUE,NA,ELBERT,Elbert,30635,TMEWBORNE@TMCE.NET,"109 COLLEGE AVENUE, ELBERT, GA 30635",-82.871886,34.1138246
GAAC00794,INNOVATIVE HEALTH CARE INSTITUTE,Public,+1 (706) 705-2033,100 SEAGRAVES DRIVE,SUITE 1,ATHENS,Clarke,30605-2492,DR.ALLEN@IHCI411.COM,"100 SEAGRAVES DRIVE, ATHENS, GA 30605-2492",-83.3321995,33.9423894
GAAC01891,ATHENS PHARMACY,Public,+1 (706) 850-5553,1086 BAXTER ST,NA,ATHENS,Clarke,30606,MYATHENSPHARMACY@GMAIL.COM,"1086 BAXTER ST, ATHENS, GA 30606",-83.4011798,33.9467776
GAAC01444,WALGREENS #7134,Public,+1 (706) 543-2951,110 HAWTHORNE AVE,NA,ATHENS,Clarke,30606-2814,RXM.07134@STORE.WALGREENS.COM,"110 HAWTHORNE AVE, ATHENS, GA 30606-2814",-83.4092314,33.9509817
GAAC00777,ADD DRUG,Public,+1 (706) 548-2239,1695 S LUMPKIN ST,NA,ATHENS,Clarke,30606,ADD.DRUG@GMAIL.COM,"1695 S LUMPKIN ST, ATHENS, GA 30606",-83.3869933,33.9373426
GAAC01225,PUBLIX PHARMACY#1146,Public,+1 (706) 227-6265,1860 BARNETT SHOALS ROAD,NA,ATHENS,Clarke,30605,MARIANA.JONES@PUBLIX.COM,"1860 BARNETT SHOALS ROAD, ATHENS, GA 30605",-83.3401378,33.9255561
GAAC00603,KROGER PHARMACY 428,Public,+1 (706) 453-3533,191 ALPS RD,NA,ATHENS,Clarke,30606,AT00428PHARMACY@STORES.KROGER.COM,"191 ALPS RD, ATHENS, GA 30606",-83.4073125,33.946629
GAAC00507,KROGER PHARMACY 255,Public,+1 (706) 353-6882,2301 COLLEGE STATION RD,NA,ATHENS,Clarke,30605,AT00255PHARMACY@STORES.KROGER.COM,"2301 COLLEGE STATION RD, ATHENS, GA 30605",-83.3437049,33.9218683
GAAC01645,VILLAGE DRUG SHOP AT ADVANTAGE,Public,+1 (706) 850-4955,240 MITCHELL BRIDGE RD,NA,ATHENS,Clarke,30606,VILLAGEATADVANTAGE@GMAIL.COM,"240 MITCHELL BRIDGE RD, ATHENS, GA 30606",-83.4324183,33.9626438
GAAC01448,WALGREENS #17791,Public,+1 (706) 549-8598,2435 JEFFERSON ROAD,NA,ATHENS,Clarke,30607,RXM.17791@STORE.WALGREENS.COM,"2435 JEFFERSON ROAD, ATHENS, GA 30607",-83.4156969,33.9724448
GAAC01091,WALMART STORE 5267,Public,+1 (706) 715-6236,3130 ATLANTA HWY,NA,ATHENS,Clarke,30606-6977,RX-MANAGER.S05267@STORES.US.WAL-MART.COM,"3130 ATLANTA HWY, ATHENS, GA 30606-6977",-83.4446795,33.9430724
GAAC01319,ATHENS PULMONARY AND CRITICAL CARE,Public,+1 (706) 549-5560,3320 OLD JEFFERSON RD,BLDG 200 STE A,ATHENS,Clarke,30607,MNUNNS@ATHENSPULMONARY.COM,"3320 OLD JEFFERSON RD, ATHENS, GA 30607",-83.4166563,33.9845918
GAAC01400,WALGREENS #12886,Public,+1 (706) 765-2000,3355 LEXINGTON RD,NA,ATHENS,Clarke,30605-2450,RXM.12886@STORE.WALGREENS.COM,"3355 LEXINGTON RD, ATHENS, GA 30605-2450",-83.3230731,33.9394013
GAA210102,CLARKE COUNTY HEALTH DEPT,Public,+1 (706) 521-1277,345 NORTH HARRIS STREET,NA,ATHENS,Clarke,30601-2411,NATALIE.KEADLE@DPH.GA.GOV,"345 NORTH HARRIS STREET, ATHENS, GA 30601-2411",-83.3883704,33.9580157
GAAC00003,ELBERT MEMORIAL HOSPITAL,Public,+1 (7062132547),4 MEDICAL DRIVE,NA,ELBERTON,Clarke,30635,THARLOW@EMHCARE.NET,"4 MEDICAL DRIVE, ELBERTON, GA 30635",-82.8747519,34.112518
GAAC01116,SAMS CLUB STORE 8194,Public,+1 (706) 548-1913,4365 ATLANTA HWY,NA,BOGART,Clarke,30622-2208,PHARMACY-MGR.S08194@CLUBS.US.WAL-MART.COM,"4365 ATLANTA HWY, BOGART, GA 30622-2208",-83.4863579,33.9386909
GAAC01057,WALMART STORE 2811,Public,+1 (706) 355-3090,4375 LEXINGTON RD,NA,ATHNES,Clarke,30605-2525,RX-MANAGER.S02811@STORES.US.WAL-MART.COM,"4375 LEXINGTON RD, ATHNES, GA 30605-2525",-83.3098186,33.9335284
GAAC00383,THE LITTLE CLINIC OF GA HWY 29,Public,+1 (706) 715-3746,700 US HWY 29 N,NA,ATHENS,Clarke,30601,ATL00311CLINICMGR@THELITTLECLINIC.COM,"700 US HWY 29 N, ATHENS, GA 30601",-83.3333694,33.9959378
GAAC00712,KROGER PHARMACY 618,Public,+1 (706) 715-3740,700 US HWY 29 NORTH,NA,ATHENS,Clarke,30601,AT00618PHARMACY@STORES.KROGER.COM,"700 US HWY 29 NORTH, ATHENS, GA 30601",-83.3333694,33.9959378
GAAC01805,BUY WISE PHARMACY,Public,+1 (706) 353-7847,740 N CHASE STREET,NA,ATHENS,Clarke,30601,BUYWISEPHARMACY@MSN.COM,"740 N CHASE STREET, ATHENS, GA 30601",-83.3928285,33.9639579
GAAC00557,BENZER PHARMACY ATHENS,Public,+1 (706) 510-4040,484 NORTH AVENUE,NA,ATHENS,Clarke,30601,DONALDBESS@YAHOO.COM,"484 NORTH AVENUE, ATHENS, GA 30601",-83.3621593,33.9753354
GAA700025,ATHENS NEIGHBORHOOD HEALTH CENTER,Public,+1 (706) 546-5526,675 COLLEGE AVE,NA,ATHENS,Clarke,30601,RGLADMON@ANEIGHBOR.ORG,"675 COLLEGE AVE, ATHENS, GA 30601",-83.3774782,33.9629371
GAAC01479,VILLAGE DRUG SHOP,Public,+1 (706) 548-4444,740 PRINCE AVE,VILLAGE DRUG SHOP,ATHENS,Clarke,30606,VILDRUG@BELLSOUTH.NET,"740 PRINCE AVE, ATHENS, GA 30606",-83.3896639,33.9616842
GAA700012,ATHENS NEIGHBORHOOD HEALTH CENTER-HILSMA,Public,+1 (706) 546-7463,870 GAINES SCHOOL RD,NA,ATHENS,Clarke,30605,RGLADMON@ANEIGHBOR.ORG,"870 GAINES SCHOOL RD, ATHENS, GA 30605",-83.3367727,33.9307755
GAAC00468,KROGER PHARMACY 435,Public,+1 (706) 583-8911,1720 EPPS BRIDGE RD,NA,ATHENS,Clarke,30606,AT00435PHARMACY@STORES.KROGER.COM,"1720 EPPS BRIDGE RD, ATHENS, GA 30606",-83.4464058,33.9131465
GAAC00205,UNIVERSITY CANCER AND BLOOD CENTER,Public,+1 (706) 353-4344,3320 OLD JEFFERSON ROAD,BLDG 700A,ATHENS,Clarke,30607,thall@universitycancer.com,"3320 OLD JEFFERSON ROAD, ATHENS, GA 30607",-83.4166563,33.9845918
GAAC00228,EAST MARIETTA DRUGS HORTONS DRUG STORE,Public,+1 (706) 543-3454,101 EAST CLAYTON STREET,NA,ATHENS,Clarke,30601,HORTONSDRUGSTORE@BELLSOUTH.NET,"101 EAST CLAYTON STREET, ATHENS, GA 30601",-83.37704,33.9584691
GAAC00129,HAWTHORNE DRUG CO.,Public,+1 (706) 548-5227,975A HAWTHORNE AVE,NA,ATHENS,Clarke,30606,ANDY@HAWTHORNEDRUGS.COM,"975A HAWTHORNE AVE, ATHENS, GA 30606",-83.4145455,33.9696408
GAAC01394,WALGREENS #12726,Public,+1 (678) 425-6954,10 E MAY ST,NA,WINDER,Barrow,30680-1949,RXM.12726@STORE.WALGREENS.COM,"10 E MAY ST, WINDER, GA 30680-1949",-83.7221551,33.9907527
GAA601085,MEDLINK WINDER PEDIATRICS,Public,+1 (770) 867-6633-1715,133 WEST ATHENS STREET,NA,WINDER,Barrow,30680-1707,MVILLAGOMEZ@MEDLINKGA.ORG,"133 WEST ATHENS STREET, WINDER, GA 30680-1707",-83.726285,33.9949744
GAA210101,BARROW COUNTY HEALTH DEPT,Public,+1 (770) 307-3011-222,15 PORTER STREET EAST,NA,WINDER,Barrow,30680-2292,SUSAN.KRISTAL@DPH.GA.GOV,"15 PORTER STREET EAST, WINDER, GA 30680-2292",-83.7224044,33.9923896
GAAC00425,INGLES PHARMACY #451,Public,+1 (770) 277-5284,1502 ATLANTA HWY NW,NA,AUBURN,Barrow,30011,INGRX451@INGLES-MARKETS.COM,"1502 ATLANTA HWY NW, AUBURN, GA 30011",-83.838337,34.01035
GAAC01202,PUBLIX PHARMACY#0480,Public,+1 (770) 307-2906,17 MONROE HWY. STE. A,NA,WINDER,Barrow,30680,FRANCINE.NAPOLITANO@PUBLIX.COM,"17 MONROE HWY. STE. A, WINDER, GA 30680",-83.7137698,33.9812177
GAAC00816,PUBLIX PHARMACY#0108,Public,+1 (678) 425-6206,2095 HIGHWAY 211 NW,NA,BRASELTON,Barrow,30517,FRANCINE.NAPOLITANO@PUBLIX.COM,"2095 HIGHWAY 211 NW, BRASELTON, GA 30517",-83.8123913,34.1031356
GAAC00446,FARMER'S PRESCRIPTION SHOP,Public,+1 (770) 867-9081,279 NORTH BROAD STREET,STE A,WINDER,Barrow,30680,RXDAWG@MINDSPRING.COM,"279 NORTH BROAD STREET, WINDER, GA 30680",-83.7064213,34.0029146
GAAC00674,INGLES PHARMACY #57,Public,+1 (770) 867-7116,283 N BROAD ST,NA,WINDER,Barrow,30680,INGRX057@INGLES-MARKETS.COM,"283 N BROAD ST, WINDER, GA 30680",-83.7048021,34.0036556
GAAC01010,WALMART STORE 520,Public,+1 (770) 307-1272,440 ATLANTA HWY NW,NA,WINDER,Barrow,30680-7826,RX-MANAGER.S00520@STORES.US.WAL-MART.COM,"440 ATLANTA HWY NW, WINDER, GA 30680-7826",-83.7565976,33.9899889
GAAC01194,PUBLIX PHARMACY#1251,Public,+1 (770) 307-1637,916 LOGANVILLE HWY. SUITE 200,NA,BETHLEHEM,Barrow,30620,MARIANA.JONES@PUBLIX.COM,"916 LOGANVILLE HWY. SUITE 200, BETHLEHEM, GA 30620",-83.7542744,33.9437163
GAA501069,HEALTH ASSOCIATES OF GEORGIA INC.,Public,+1 (678) 975-7471,323 RESOURCE PARKWAY,NA,WINDER,Barrow,30680,JENNIFER.BETHLEHEMDOC@GMAIL.COM,"323 RESOURCE PARKWAY, WINDER, GA 30680",-83.7415158,33.9767109
GAAC00280,NIGHTINGALE INFUSION INC. -NEA,Public,+1 (706) 769-7658,1751 MERIWEATHER DR,SUITE 2,WATKINSVILLE,Oconee,30677,BFRIES@HELP-1.COM,"1751 MERIWEATHER DR, WATKINSVILLE, GA 30677",-83.4633169,33.9181503
GAAC01540,IVYDALE WELLNESS CENTER LLC,"Public with a focus on minority, transitional home, and homeless populations",+1 (770) 291-0419,361 RESOURCE PARKWAY,OPTIONAL,WINDER,Barrow,30680,IVYDALEWELLNESSCENTER@GMAIL.COM,"361 RESOURCE PARKWAY, WINDER, GA 30680",-83.7418893,33.9759925
GAAC01351,HODGSON'S PHARMACY,Public/Private (depending on vaccine availability),+1 (706) 543-7386,1260 S MILLEDGE AVE STE F-1,NA,ATHENS,Clarke,30605,RABUN@HODGSONSRX.COM,"1260 S MILLEDGE AVE STE F-1, ATHENS, GA 30605",-83.3861696,33.9381674
GAAC01595,OGLETHORPE COUNTY EMS,Public/Private (situation depending),+1 (706) 743-8364,892 ATHENS ROAD,NA,CRAWFORD,Oglethorpe,30630,JLEWIS@OGLETHORPECOUNTYGA.GOV,"892 ATHENS ROAD, CRAWFORD, GA 30630",-83.1350373,33.8897248
GAAC00905,CENTER FOR VACCINES AND IMMUNOLOGY,NA,+1 (706) 542-9708,501 D.W. BROOKS DRIVE,CVI ROOM 1504,ATHENS,Clarke,30602,TEDROSS@UGA.EDU,"501 D.W. BROOKS DRIVE, ATHENS, GA 30602",-83.3753061,33.9405849
GAA600429,AUBURN PRIMARY CARE PC,NA,+1 (770) 848-9320,12 SEVENTH ST,NA,AUBURN,Barrow,30011,CINDY.FULCHER@NGHS.COM,"12 SEVENTH ST, AUBURN, GA 30011",-83.8239957,34.0104526
GAA601309,NGPG GATEWAY EXCHANGE,NA,+1 (770) 868-5186,426 EXCHANGE BOULEVARD,SUITE 600,BETHLEHEM,Barrow,30620,ME.YANG@NGHS.COM,"426 EXCHANGE BOULEVARD, BETHLEHEM, GA 30620",-83.7390053,33.9415528
